{
	"info": {
		"_postman_id": "01adeedd-1259-48e1-9454-7fcbf10ff655",
		"name": "Railway-Registration",
		"schema": "https://schema.getpostman.com/json/collection/v2.1.0/collection.json"
	},
	"item": [
		{
			"name": "Passenger-Controller",
			"item": [
				{
					"name": "findtrain",
					"request": {
						"method": "GET",
						"header": [],
						"url": {
							"raw": "http://localhost:8080/findtrain/udupi/manglore",
							"protocol": "http",
							"host": [
								"localhost"
							],
							"port": "8080",
							"path": [
								"findtrain",
								"udupi",
								"manglore"
							]
						}
					},
					"response": []
				},
				{
					"name": "bookticket",
					"request": {
						"method": "POST",
						"header": [],
						"body": {
							"mode": "raw",
							"raw": "[\r\n    {\r\n    \"passengerName\" : \"mindy\",\r\n    \"passengerGender\" : \"female\",\r\n    \"passengerAge\" : 23\r\n    }\r\n]",
							"options": {
								"raw": {
									"language": "json"
								}
							}
						},
						"url": {
							"raw": "http://localhost:8080/bookticket/4/6/2022-11-12/GENERAL",
							"protocol": "http",
							"host": [
								"localhost"
							],
							"port": "8080",
							"path": [
								"bookticket",
								"4",
								"6",
								"2022-11-12",
								"GENERAL"
							]
						}
					},
					"response": []
				},
				{
					"name": "cancelticket",
					"request": {
						"method": "DELETE",
						"header": [],
						"url": {
							"raw": "http://localhost:8080/cancelticket/9",
							"protocol": "http",
							"host": [
								"localhost"
							],
							"port": "8080",
							"path": [
								"cancelticket",
								"9"
							]
						}
					},
					"response": []
				}
			]
		},
		{
			"name": "Train-Controller",
			"item": [
				{
					"name": "getpassengerbytrainid",
					"protocolProfileBehavior": {
						"disableBodyPruning": true
					},
					"request": {
						"method": "GET",
						"header": [],
						"body": {
							"mode": "raw",
							"raw": "",
							"options": {
								"raw": {
									"language": "json"
								}
							}
						},
						"url": {
							"raw": "http://localhost:8080/getpassengerbytrain/3",
							"protocol": "http",
							"host": [
								"localhost"
							],
							"port": "8080",
							"path": [
								"getpassengerbytrain",
								"3"
							]
						}
					},
					"response": []
				},
				{
					"name": "getpassenger",
					"request": {
						"method": "GET",
						"header": [],
						"url": {
							"raw": "http://localhost:8080/getpassenger",
							"protocol": "http",
							"host": [
								"localhost"
							],
							"port": "8080",
							"path": [
								"getpassenger"
							]
						}
					},
					"response": []
				},
				{
					"name": "addtrains",
					"request": {
						"method": "POST",
						"header": [],
						"body": {
							"mode": "raw",
							"raw": "{\r\n        \r\n        \"trainName\" : \"ZExpress\",\r\n        \"trainSource\" : \"Udupi\",\r\n        \"trainDestination\" : \"Manglore\",\r\n        \"acSeatPrice\" : 3999,\r\n        \"genSeatPrice\" : 2999\r\n}\r\n",
							"options": {
								"raw": {
									"language": "json"
								}
							}
						},
						"url": {
							"raw": "http://localhost:8080/addtrains",
							"protocol": "http",
							"host": [
								"localhost"
							],
							"port": "8080",
							"path": [
								"addtrains"
							]
						}
					},
					"response": []
				},
				{
					"name": "adddates",
					"request": {
						"method": "POST",
						"header": [],
						"body": {
							"mode": "raw",
							"raw": "{\r\n    \"trainNumber\" : 6,\r\n    \"trainDays\" : \"Monday\"\r\n}",
							"options": {
								"raw": {
									"language": "json"
								}
							}
						},
						"url": {
							"raw": "http://localhost:8080/adddates",
							"protocol": "http",
							"host": [
								"localhost"
							],
							"port": "8080",
							"path": [
								"adddates"
							]
						}
					},
					"response": []
				},
				{
					"name": "deletetrain",
					"request": {
						"method": "DELETE",
						"header": [],
						"url": {
							"raw": "http://localhost:8080/deletetrain/1",
							"protocol": "http",
							"host": [
								"localhost"
							],
							"port": "8080",
							"path": [
								"deletetrain",
								"1"
							]
						}
					},
					"response": []
				},
				{
					"name": "canceltrainticket",
					"request": {
						"method": "DELETE",
						"header": [],
						"body": {
							"mode": "raw",
							"raw": ""
						},
						"url": {
							"raw": "http://localhost:8080/canceltrainticket/3",
							"protocol": "http",
							"host": [
								"localhost"
							],
							"port": "8080",
							"path": [
								"canceltrainticket",
								"3"
							]
						}
					},
					"response": []
				},
				{
					"name": "http://localhost:8080/canceltrainticket/8",
					"request": {
						"method": "DELETE",
						"header": [],
						"url": {
							"raw": "http://localhost:8080/canceltrainticket/8",
							"protocol": "http",
							"host": [
								"localhost"
							],
							"port": "8080",
							"path": [
								"canceltrainticket",
								"8"
							]
						}
					},
					"response": []
				},
				{
					"name": "http://localhost:8080/getpassenger/4",
					"request": {
						"method": "GET",
						"header": [],
						"url": {
							"raw": "http://localhost:8080/getpassenger/4",
							"protocol": "http",
							"host": [
								"localhost"
							],
							"port": "8080",
							"path": [
								"getpassenger",
								"4"
							]
						}
					},
					"response": []
				},
				{
					"name": "http://localhost:8080/addseats",
					"protocolProfileBehavior": {
						"disableBodyPruning": true
					},
					"request": {
						"method": "GET",
						"header": [],
						"body": {
							"mode": "raw",
							"raw": "{\r\n    \"trainNumber\" : 6,\r\n    \"availableAcSeats\" : 10,\r\n    \"bookedAcSeats\" : 0,\r\n    \"availableGenSeats\" : 10,\r\n    \"bookedGenSeats\" : 0,\r\n    \"availableAcBooked\": 0,\r\n    \"availableAcWaiting\" : 2,\r\n    \"availableGenBooked\": 0,\r\n    \"availableGenWaiting\": 2,\r\n    \"travelDate\" : \"2022-11-12\"\r\n}",
							"options": {
								"raw": {
									"language": "json"
								}
							}
						},
						"url": {
							"raw": "http://localhost:8080/addseats",
							"protocol": "http",
							"host": [
								"localhost"
							],
							"port": "8080",
							"path": [
								"addseats"
							]
						}
					},
					"response": []
				}
			]
		}
	]
}